raw_text,link,page_found
"Top-Bezug: moderne 2-Zimmer-Wohnung mit großzügigem Balkon | 1160 Wien, 16. Bezirk, Ottakring, Paletzgasse/Heigerleinstraße | 58 m² | 2 Zimmer | Balkon | Privat | € 1.180",https://www.willhaben.at/iad/immobilien/d/mietwohnungen/wien/wien-1160-ottakring/top-bezug-moderne-2-zimmer-wohnung-mit-grosszuegigem-balkon-817294554/,1
"SCHÖNE 3-ZIMMERWOHNUNG MIT BALKON! Embelgasse 54 T 10! | 1050 Wien, 05. Bezirk, Margareten | 76 m² | 3 Zimmer | Balkon, Loggia | IMMOcontract Immobilien Vermittlung GmbH | € 1.392,85",https://www.willhaben.at/iad/immobilien/d/mietwohnungen/wien/wien-1050-margareten/schoene-3-zimmerwohnung-mit-balkon-embelgasse-54-t-10-1103102583/,1
"Zwei verbundene Wohnungen! Ideal für Mehrgenerationen, Homeoffice oder Vermietung | 1210 Wien, 21. Bezirk, Floridsdorf | 130 m² | 5 Zimmer | Terrasse | IMMOcontract Immobilien Vermittlung GmbH | € 2.502,50",https://www.willhaben.at/iad/immobilien/d/mietwohnungen/wien/wien-1210-floridsdorf/zwei-verbundene-wohnungen-ideal-fuer-mehrgenerationen-homeoffice-oder-vermietung-2097349634/,1
"OPERNRINGHOF 3 Zimmer Wohnung/Büro I 3 Room Apartment opposite Opera | 1010 Wien, 01. Bezirk, Innere Stadt | 83 m² | 3 Zimmer | IMMOcontract Immobilien Vermittlung GmbH | € 2.080,71",https://www.willhaben.at/iad/immobilien/d/mietwohnungen/wien/wien-1010-innere-stadt/opernringhof-3-zimmer-wohnung-buero-i-3-room-apartment-opposite-opera-1902025494/,1
"RENOVIERUNGSBEDÜRFTIGE 4-ZIMMERWOHNUNG NÄHE MARGARETEN GÜRTEL U4! HORNBOSTELGASSE 8-10/3/10 | 1060 Wien, 06. Bezirk, Mariahilf | 81 m² | 4 Zimmer | IMMOcontract Immobilien Vermittlung GmbH | € 878,69",https://www.willhaben.at/iad/immobilien/d/mietwohnungen/wien/wien-1060-mariahilf/renovierungsbeduerftige-4-zimmerwohnung-naehe-margareten-guertel-u4-hornbostelgasse-8-10-3-10-1752162716/,1
"ECKWOHNUNG IN DER LERCHENFELDERSTR! Döblergasse 3/14 | 1070 Wien, 07. Bezirk, Neubau | 61 m² | 2 Zimmer | IMMOcontract Immobilien Vermittlung GmbH | € 996,66",https://www.willhaben.at/iad/immobilien/d/mietwohnungen/wien/wien-1070-neubau/eckwohnung-in-der-lerchenfelderstr-doeblergasse-3-14-2069327684/,1
"Projekt 5in22: Moderne Neubauwohnung direkt an der U2 Aspernstraße | 1220 Wien, 22. Bezirk, Donaustadt | 65 m² | 3 Zimmer | Balkon | IMMOcontract Immobilien Vermittlung GmbH | € 1.249,99",https://www.willhaben.at/iad/immobilien/d/mietwohnungen/wien/wien-1220-donaustadt/projekt-5in22-moderne-neubauwohnung-direkt-an-der-u2-aspernstrasse-1895195261/,1
"Naturnaher Wohnkomfort - Provisionsfreie 3-Zimmer-Wohnung im ""GRÜNSTÜCK 22"" | 1220 Wien, 22. Bezirk, Donaustadt | 68 m² | 3 Zimmer | Balkon, Loggia | IMMOcontract Immobilien Vermittlung GmbH | € 1.249",https://www.willhaben.at/iad/immobilien/d/mietwohnungen/wien/wien-1220-donaustadt/naturnaher-wohnkomfort-provisionsfreie-3-zimmer-wohnung-im-gruenstueck-22-1992726682/,1
"DACHTERRASSENWOHNUNG NÄHE MARIAHILFERSTRASSE! Damböckgasse 10/22 | 1060 Wien, 06. Bezirk, Mariahilf | 86 m² | 3 Zimmer | Terrasse | IMMOcontract Immobilien Vermittlung GmbH | € 1.593,76",https://www.willhaben.at/iad/immobilien/d/mietwohnungen/wien/wien-1060-mariahilf/dachterrassenwohnung-naehe-mariahilferstrasse-damboeckgasse-10-22-1352928000/,1
"Exklusive City-Maisonette mit Panoramablick, Kamin & Abendsonne über der Stadt | 1050 Wien, 05. Bezirk, Margareten | 86 m² | 3 Zimmer | Terrasse, Balkon, Dachterrasse | IMMOcontract Immobilien Vermittlung GmbH | € 2.649,90",https://www.willhaben.at/iad/immobilien/d/mietwohnungen/wien/wien-1050-margareten/exklusive-city-maisonette-mit-panoramablick-kamin-abendsonne-ueber-der-stadt-1484267170/,1
"WOHNEN NÄHE ST. ANNA KINDERSPITAL! Brünnlbadgasse 14/7 | 1090 Wien, 09. Bezirk, Alsergrund | 60 m² | 2 Zimmer | IMMOcontract Immobilien Vermittlung GmbH | € 915,65",https://www.willhaben.at/iad/immobilien/d/mietwohnungen/wien/wien-1090-alsergrund/wohnen-naehe-st-anna-kinderspital-bruennlbadgasse-14-7-1014212075/,1
"GRÜNSTÜCK 22! Neubau-Naturnahes Wohnen in Ruhelage! Adelheid-Popp-Gasse 10 | 1220 Wien, 22. Bezirk, Donaustadt | 56 m² | 2 Zimmer | Balkon, Loggia | IMMOcontract Immobilien Vermittlung GmbH | € 999",https://www.willhaben.at/iad/immobilien/d/mietwohnungen/wien/wien-1220-donaustadt/gruenstueck-22-neubau-naturnahes-wohnen-in-ruhelage-adelheid-popp-gasse-10-1630626693/,1
"Helle DG 2 Zimmer Wohnung | 1180 Wien, 18. Bezirk, Währing | 61 m² | 2 Zimmer | IMMOcontract Immobilien Vermittlung GmbH | € 949,60",https://www.willhaben.at/iad/immobilien/d/mietwohnungen/wien/wien-1180-waehring/helle-dg-2-zimmer-wohnung-1079296548/,1
"2-Zimmer Balkonhit! Anfragen nur per Mail - keine Anrufe! | 1160 Wien, 16. Bezirk, Ottakring | 48 m² | 2 Zimmer | Loggia | IMMOcontract Immobilien Vermittlung GmbH | € 739,20",https://www.willhaben.at/iad/immobilien/d/mietwohnungen/wien/wien-1160-ottakring/2-zimmer-balkonhit-anfragen-nur-per-mail-keine-anrufe-1432557712/,1
"MIETANBOT ANGENOMMEN U3 I ERSTBEZUG Top Dachwohnung 2 Zimmer + Terrasse =DAS LAURENZ= 1 bedroom apartment+terrace | 1110 Wien, 11. Bezirk, Simmering | 44 m² | 2 Zimmer | Terrasse | IMMOcontract Immobilien Vermittlung GmbH | € 906,40",https://www.willhaben.at/iad/immobilien/d/mietwohnungen/wien/wien-1110-simmering/mietanbot-angenommen-u3-i-erstbezug-top-dachwohnung-2-zimmer-terrasse-das-laurenz-1-bedroom-apartment-terrace-1943774487/,1
"ERSTBEZUG - 2-4 Zimmer-Wohnungen: Top-Angebot in Jedlesee! | 1210 Wien, 21. Bezirk, Floridsdorf | IMMOcontract Immobilien Vermittlung GmbH | € 726",https://www.willhaben.at/iad/immobilien/d/mietwohnungen/wien/wien-1210-floridsdorf/erstbezug-2-4-zimmer-wohnungen-top-angebot-in-jedlesee-1254053436/,1
"Helle 2-Zimmer Wohnung! Keine Anrufe - Anfragen nur per Mail! | 1100 Wien, 10. Bezirk, Favoriten | 45 m² | 2 Zimmer | IMMOcontract Immobilien Vermittlung GmbH | € 770",https://www.willhaben.at/iad/immobilien/d/mietwohnungen/wien/wien-1100-favoriten/helle-2-zimmer-wohnung-keine-anrufe-anfragen-nur-per-mail-1873195685/,1
"Schöne großzügige 2-Zimmer-Wohnung Jeneweingasse 34 - Top 5 | 1210 Wien, 21. Bezirk, Floridsdorf | 79 m² | 2 Zimmer | IMMOcontract Immobilien Vermittlung GmbH | € 1.049,40",https://www.willhaben.at/iad/immobilien/d/mietwohnungen/wien/wien-1210-floridsdorf/schoene-grosszuegige-2-zimmer-wohnung-jeneweingasse-34-top-5-1633133555/,1
"GROSSZÜGIGE 2-ZIMMERWOHNUNG NÄHE VOLKSTHEATER! Döblergasse 1/22 | 1070 Wien, 07. Bezirk, Neubau | 61 m² | 2 Zimmer | IMMOcontract Immobilien Vermittlung GmbH | € 1.002,26",https://www.willhaben.at/iad/immobilien/d/mietwohnungen/wien/wien-1070-neubau/grosszuegige-2-zimmerwohnung-naehe-volkstheater-doeblergasse-1-22-879840073/,1
"Die Belohnung für langes suchen! 3 Zimmerwohnung mit Balkon Beheimgasse 38 | 1170 Wien, 17. Bezirk, Hernals | 79 m² | 3 Zimmer | Balkon | IMMOcontract Immobilien Vermittlung GmbH | € 1.297,49",https://www.willhaben.at/iad/immobilien/d/mietwohnungen/wien/wien-1170-hernals/die-belohnung-fuer-langes-suchen-3-zimmerwohnung-mit-balkon-beheimgasse-38-1985533544/,1
"Gartenwohnung in Ruhelage! Hochstraße 11 - Top 7 | 1230 Wien, 23. Bezirk, Liesing | 48 m² | 1 Zimmer | Terrasse, Garten | IMMOcontract Immobilien Vermittlung GmbH | € 760,30",https://www.willhaben.at/iad/immobilien/d/mietwohnungen/wien/wien-1230-liesing/gartenwohnung-in-ruhelage-hochstrasse-11-top-7-1964617666/,1
"Großzügige 2-Zimmer-Balkon-Terrassen-Maisonette Rosenhügelstraße 12 Stiege 2 Top 3 | 1120 Wien, 12. Bezirk, Meidling | 76 m² | 2 Zimmer | Terrasse, Balkon | IMMOcontract Immobilien Vermittlung GmbH | € 975,90",https://www.willhaben.at/iad/immobilien/d/mietwohnungen/wien/wien-1120-meidling/grosszuegige-2-zimmer-balkon-terrassen-maisonette-rosenhuegelstrasse-12-stiege-2-top-3-1539694310/,1
"3-Zimmer in der Viktoriagasse! Open House - Anfragen nur per Mail! | 1150 Wien, 15. Bezirk, Rudolfsheim-Fünfhaus | 92 m² | 3 Zimmer | IMMOcontract Immobilien Vermittlung GmbH | € 1.309",https://www.willhaben.at/iad/immobilien/d/mietwohnungen/wien/wien-1150-rudolfsheim-fuenfhaus/3-zimmer-in-der-viktoriagasse-open-house-anfragen-nur-per-mail-1175793025/,1
"Helle 2-Zimmer-Wohnung im 17. Bezirk | 1170 Wien, 17. Bezirk, Hernals | 57 m² | 2 Zimmer | IMMOcontract Immobilien Vermittlung GmbH | € 886,37",https://www.willhaben.at/iad/immobilien/d/mietwohnungen/wien/wien-1170-hernals/helle-2-zimmer-wohnung-im-17-bezirk-1579381487/,1
"GARTENWOHNUNG IN IDYLLISCHER UMGEBUNG INKL. HEIZUNG & WARMWASSER! | 1160 Wien, 16. Bezirk, Ottakring | 78 m² | Terrasse, Garten | IMMOcontract Immobilien Vermittlung GmbH | € 1.460,65",https://www.willhaben.at/iad/immobilien/d/mietwohnungen/wien/wien-1160-ottakring/gartenwohnung-in-idyllischer-umgebung-inkl-heizung-warmwasser-1115968504/,1
"Dreizimmer-Balkon-Wohnung: Ruckergasse 43 - Top 16 | 1120 Wien, 12. Bezirk, Meidling | 65 m² | 3 Zimmer | Terrasse, Balkon | IMMOcontract Immobilien Vermittlung GmbH | € 1.100,25",https://www.willhaben.at/iad/immobilien/d/mietwohnungen/wien/wien-1120-meidling/dreizimmer-balkon-wohnung-ruckergasse-43-top-16-2130592872/,1
"ERSTBEZUG - 3 Zimmer-Loggia-Wohnung: Top-Angebot in Jedlesee w8! | 1210 Wien, 21. Bezirk, Floridsdorf | Loggia | IMMOcontract Immobilien Vermittlung GmbH | € 1.210",https://www.willhaben.at/iad/immobilien/d/mietwohnungen/wien/wien-1210-floridsdorf/erstbezug-3-zimmer-loggia-wohnung-top-angebot-in-jedlesee-w8-1793514715/,1
"WOHNEN MITTEN IN DER STADT! Mostgasse 2/2/34 | 1040 Wien, 04. Bezirk, Wieden | 48 m² | 2 Zimmer | IMMOcontract Immobilien Vermittlung GmbH | € 935",https://www.willhaben.at/iad/immobilien/d/mietwohnungen/wien/wien-1040-wieden/wohnen-mitten-in-der-stadt-mostgasse-2-2-34-1003089090/,1
"OBERDÖBLING 2 Zimmer Küche+AR Wohnung - 1 bedroom Apartment with separate kitchen | 1190 Wien, 19. Bezirk, Döbling | 55 m² | 2 Zimmer | IMMOcontract Immobilien Vermittlung GmbH | € 860",https://www.willhaben.at/iad/immobilien/d/mietwohnungen/wien/wien-1190-doebling/oberdoebling-2-zimmer-kueche-ar-wohnung-1-bedroom-apartment-with-separate-kitchen-784076869/,1
"MIETANGEBOT ANGENOMMEN=DAS LAURENZ= ERSTBEZUG Top Loggia Wohnung U3 2 Zimmer + Loggia - 1 bedroom apartment + loggia U3 | 1110 Wien, 11. Bezirk, Simmering | 57 m² | 2 Zimmer | Loggia | IMMOcontract Immobilien Vermittlung GmbH | € 1.147,30",https://www.willhaben.at/iad/immobilien/d/mietwohnungen/wien/wien-1110-simmering/mietangebot-angenommen-das-laurenz-erstbezug-top-loggia-wohnung-u3-2-zimmer-loggia-1-bedroom-apartment-loggia-u3-1360475698/,1
Thaliastraße Top Lage Geschäftslokal 250m² + 60m² Lager,https://www.willhaben.at/iad/immobilien/d/mietwohnungen/wien/wien-1160-ottakring/thaliastrasse-top-lage-geschaeftslokal-250m-60m-lager-1645781148/,2
"KFZ Garage | 1090 Wien, 09. Bezirk, Alsergrund | IMMOcontract Immobilien Vermittlung GmbH | € 106,84",https://www.willhaben.at/iad/immobilien/d/mietwohnungen/wien/wien-1090-alsergrund/kfz-garage-1705792354/,2
"OPEN HOUSE AM 9.12. - ANRFAGEN NUR PER MAIL KEINE ANRUFE | 1160 Wien, 16. Bezirk, Ottakring | 48 m² | 2 Zimmer | IMMOcontract Immobilien Vermittlung GmbH | € 698,50",https://www.willhaben.at/iad/immobilien/d/mietwohnungen/wien/wien-1160-ottakring/open-house-am-9-12-anrfagen-nur-per-mail-keine-anrufe-1514412572/,2
"U3 ! Inklusive Küche 2 Zimmer Wohnung+Loggia =DAS LAURENZ= Erstbezug - 1 Bedroom+ Loggia | 1110 Wien, 11. Bezirk, Simmering | 56 m² | 2 Zimmer | Loggia | IMMOcontract Immobilien Vermittlung GmbH | € 1.097,80",https://www.willhaben.at/iad/immobilien/d/mietwohnungen/wien/wien-1110-simmering/u3-inklusive-kueche-2-zimmer-wohnung-loggia-das-laurenz-erstbezug-1-bedroom-loggia-1599333059/,2
"Unbefristet: Modernisierte Altbauwohnung in Liesing Hochstraße 11 Top 3 | 1230 Wien, 23. Bezirk, Liesing | 66 m² | 2 Zimmer | Garten | IMMOcontract Immobilien Vermittlung GmbH | € 981,66",https://www.willhaben.at/iad/immobilien/d/mietwohnungen/wien/wien-1230-liesing/unbefristet-modernisierte-altbauwohnung-in-liesing-hochstrasse-11-top-3-1471431112/,2
"CHARMANTE 3-ZIMMERWOHNUNG MIT GETRENNTER KÜCHE NÄHE U4 UNTER ST. VEIT! | 1130 Wien, 13. Bezirk, Hietzing | 100 m² | 3 Zimmer | Loggia | IMMOcontract Immobilien Vermittlung GmbH | € 1.496,26",https://www.willhaben.at/iad/immobilien/d/mietwohnungen/wien/wien-1130-hietzing/charmante-3-zimmerwohnung-mit-getrennter-kueche-naehe-u4-unter-st-veit-2000075676/,2
"ERSTBEZUG - 2 Zimmer-Wohnung: Top-Angebot in Jedlesee w6! | 1210 Wien, 21. Bezirk, Floridsdorf | IMMOcontract Immobilien Vermittlung GmbH | € 729,30",https://www.willhaben.at/iad/immobilien/d/mietwohnungen/wien/wien-1210-floridsdorf/erstbezug-2-zimmer-wohnung-top-angebot-in-jedlesee-w6-1121609351/,2
"Moderne Neubauwohnung direkt an der U2 Aspernstraße Wonkaplatz 5 | 1220 Wien, 22. Bezirk, Donaustadt | 53 m² | 2 Zimmer | Terrasse | IMMOcontract Immobilien Vermittlung GmbH | € 1.070,30",https://www.willhaben.at/iad/immobilien/d/mietwohnungen/wien/wien-1220-donaustadt/moderne-neubauwohnung-direkt-an-der-u2-aspernstrasse-wonkaplatz-5-1496670053/,2
"Koffer packen und einziehen | 1210 Wien, 21. Bezirk, Floridsdorf | 84 m² | 3 Zimmer | IMMOcontract Immobilien Vermittlung GmbH | € 1.250",https://www.willhaben.at/iad/immobilien/d/mietwohnungen/wien/wien-1210-floridsdorf/koffer-packen-und-einziehen-1594725065/,2
"FOR RENT: Urban Living Meets Nature: Garden Apartment in Vienna | 1170 Wien, 17. Bezirk, Hernals, Zwerngasse 49 | 75 m² | 3 Zimmer | Terrasse, Balkon, Garten | ImRaum Immobilien GmbH | € 1.998,22",https://www.willhaben.at/iad/immobilien/d/mietwohnungen/wien/wien-1170-hernals/for-rent-urban-living-meets-nature-garden-apartment-in-vienna-1593391872/,2
"Möblierte Wohnung mit Weitblick über Wien - CityGate | 1210 Wien, 21. Bezirk, Floridsdorf, Seyringer Strasse | 100 m² | 4 Zimmer | Balkon | ESTINA Immobilien GmbH | € 2.350",https://www.willhaben.at/iad/immobilien/d/mietwohnungen/wien/wien-1210-floridsdorf/moeblierte-wohnung-mit-weitblick-ueber-wien-citygate-1455975822/,2
"Sonnwendviertel: 1-Zimmer-Wohnung mit Balkon im 11. OG - Fitnessraum, Co-Working & Rooftop-Terrasse inklusive! | 1100 Wien, 10. Bezirk, Favoriten | 45 m² | 1 Zimmer | Balkon | EHL Immobilien GmbH | € 990",https://www.willhaben.at/iad/immobilien/d/mietwohnungen/wien/wien-1100-favoriten/sonnwendviertel-1-zimmer-wohnung-mit-balkon-im-11-og-fitnessraum-co-working-rooftop-terrasse-inklusive-2121472453/,2
"Wohnen in der Innenstadt: 2 Zimmer DG Wohnung - klimatisiert - modern ausgestattet - ab sofort beziehbar! | 1010 Wien, 01. Bezirk, Innere Stadt | 62 m² | 2 Zimmer | Mittelsmann Philipp Sulek GmbH | € 1.416,49",https://www.willhaben.at/iad/immobilien/d/mietwohnungen/wien/wien-1010-innere-stadt/wohnen-in-der-innenstadt-2-zimmer-dg-wohnung-klimatisiert-modern-ausgestattet-ab-sofort-beziehbar-1440569750/,2
"1 Zimmer Wohnung. Internationales Wohnen mit CleverFit Mitgledschaft. | 1200 Wien, 20. Bezirk, Brigittenau, Dresdner Straße | 19 m² | 1 Zimmer | Terrasse, Dachterrasse, Garten | Privat | € 914",https://www.willhaben.at/iad/immobilien/d/mietwohnungen/wien/wien-1200-brigittenau/1-zimmer-wohnung-internationales-wohnen-mit-cleverfit-mitgledschaft-1117644025/,2
"AB SOFORT: Wundervolle 2- Zimmerwohnung Nahe Floridsdorfer Hauptbahnhof mit Loggia | 1210 Wien, 21. Bezirk, Floridsdorf, Floridsdorfer Hauptstraße 24-26 | 45 m² | 2 Zimmer | Balkon | OPTIN Immobilien GmbH | € 869",https://www.willhaben.at/iad/immobilien/d/mietwohnungen/wien/wien-1210-floridsdorf/ab-sofort-wundervolle-2-zimmerwohnung-nahe-floridsdorfer-hauptbahnhof-mit-loggia-1721049743/,2
"Einzigartige Altbauwohnung mit Traumblick auf den Justizpalast | 1010 Wien, 01. Bezirk, Innere Stadt, Schmerlingplatz 3 | 172 m² | 3 Zimmer | OPTIN Immobilien GmbH | € 5.899,78",https://www.willhaben.at/iad/immobilien/d/mietwohnungen/wien/wien-1010-innere-stadt/einzigartige-altbauwohnung-mit-traumblick-auf-den-justizpalast-1033922518/,2
"Gemeinde Wohnung mit 2 Zimmer, Wohnticketsnummer : 42775/2024 | 1100 Wien, 10. Bezirk, Favoriten, Kempelengasse 5 | 61 m² | 2 Zimmer | Terrasse, Balkon | Privat | € 658,41",https://www.willhaben.at/iad/immobilien/d/mietwohnungen/wien/wien-1100-favoriten/gemeinde-wohnung-mit-2-zimmer-wohnticketsnummer-42775-2024-1312659054/,2
"Helle 2-Zimmer Genossenschaftswohnung | 1050 Wien, 05. Bezirk, Margareten | 57 m² | 2 Zimmer | Balkon | Privat | € 663,12",https://www.willhaben.at/iad/immobilien/d/mietwohnungen/wien/wien-1050-margareten/helle-2-zimmer-genossenschaftswohnung-1310682669/,2
"Wunderschöne 3-Zimmerwohnung LEOPOLDAU | 1210 Wien, 21. Bezirk, Floridsdorf, Simmelgasse1 | 71 m² | 3 Zimmer | Balkon | Privat | € 1.032,41",https://www.willhaben.at/iad/immobilien/d/mietwohnungen/wien/wien-1210-floridsdorf/wunderschoene-3-zimmerwohnung-leopoldau-2008420493/,2
"Top Wohnung | 1150 Wien, 15. Bezirk, Rudolfsheim-Fünfhaus, Schweglerstraße 15 | 30 m² | 1 Zimmer | Privat | € 550",https://www.willhaben.at/iad/immobilien/d/mietwohnungen/wien/wien-1150-rudolfsheim-fuenfhaus/top-wohnung-2122705673/,2
"2 ZIMMER BALKON PÄRCHENTRAUM | 1100 Wien, 10. Bezirk, Favoriten, Laxenburger Straße 82 | 45 m² | 2 Zimmer | Balkon | Traumimmobilien.at | € 885",https://www.willhaben.at/iad/immobilien/d/mietwohnungen/wien/wien-1100-favoriten/2-zimmer-balkon-paerchentraum-962449698/,2
"Dachgeschosswohnung auf zwei Ebenen | 180 ² Wohnfläche | 100 m² Terrasse | 1010 Wien, 01. Bezirk, Innere Stadt | 180 m² | Terrasse, Dachterrasse | Dr. Fuchsberger Immobilienmanagement GmbH | € 3.990",https://www.willhaben.at/iad/immobilien/d/mietwohnungen/wien/wien-1010-innere-stadt/dachgeschosswohnung-auf-zwei-ebenen-180-wohnflaeche-100-m-terrasse-2084204801/,2
"Attraktive 2-Zimmer-Dachgeschosswohnung in zentraler Lage - Randhartingergasse 1100 Wien | 1100 Wien, 10. Bezirk, Favoriten, Randhartingergasse 9-11 | 43 m² | 2 Zimmer | teamneunzehn-Gruppe | € 849,99",https://www.willhaben.at/iad/immobilien/d/mietwohnungen/wien/wien-1100-favoriten/attraktive-2-zimmer-dachgeschosswohnung-in-zentraler-lage-randhartingergasse-1100-wien-1683516467/,2
"MODERNE BALKONWOHNUNG - SOFORT BEZIEHBAR | 1100 Wien, 10. Bezirk, Favoriten, Laxenburger Straße 84 | 50 m² | 2 Zimmer | Balkon, Loggia | Traumimmobilien.at | € 915",https://www.willhaben.at/iad/immobilien/d/mietwohnungen/wien/wien-1100-favoriten/moderne-balkonwohnung-sofort-beziehbar-1035577650/,2
"Exklusive Mietwohnungen in der Wigandgasse 37 - Historisches Flair im ""Freihof"" | 1190 Wien, 19. Bezirk, Döbling, Wigandgasse 37 | 35 m² | 2 Zimmer | teamneunzehn-Gruppe | € 1.395,57",https://www.willhaben.at/iad/immobilien/d/mietwohnungen/wien/wien-1190-doebling/exklusive-mietwohnungen-in-der-wigandgasse-37-historisches-flair-im-freihof-1596137989/,2
"Exklusive Mietwohnungen in der Wigandgasse 37 - Historisches Flair im ""Freihof"" | 1190 Wien, 19. Bezirk, Döbling, Wigandgasse 37 | 134 m² | 3 Zimmer | Terrasse | teamneunzehn-Gruppe | € 4.328,87",https://www.willhaben.at/iad/immobilien/d/mietwohnungen/wien/wien-1190-doebling/exklusive-mietwohnungen-in-der-wigandgasse-37-historisches-flair-im-freihof-1535591403/,2
"Teilsanierte Wohnung in Ruhelage mit Loggia & Abstellraum | ohne Küche | U6 Dresdner Straße | 1200 Wien, 20. Bezirk, Brigittenau, Leithastraße 21 | 46 m² | 2 Zimmer | Loggia | Tatjana Grinninger Immobilien | € 799",https://www.willhaben.at/iad/immobilien/d/mietwohnungen/wien/wien-1200-brigittenau/teilsanierte-wohnung-in-ruhelage-mit-loggia-abstellraum-ohne-kueche-u6-dresdner-strasse-1135058230/,2
"room4rent - Ihr Zuhause auf Zeit | Q-Tower / STANDARD | 1030 Wien, 03. Bezirk, Landstraße, Leopold-Böhm-Straße 5 | 29 m² | 1 Zimmer | Balkon | room4rent | € 1.080",https://www.willhaben.at/iad/immobilien/d/mietwohnungen/wien/wien-1030-landstrasse/room4rent-ihr-zuhause-auf-zeit-q-tower-standard-1923145665/,2
"room4rent - Ihr Zuhause auf Zeit_MUSIC BOX_Suite+ | 1100 Wien, 10. Bezirk, Favoriten, Bloch-Bauer-Promenade 19 | 39 m² | 2 Zimmer | Balkon | room4rent | € 1.450",https://www.willhaben.at/iad/immobilien/d/mietwohnungen/wien/wien-1100-favoriten/room4rent-ihr-zuhause-auf-zeit-music-box-suite-861235779/,2
"room4rent_Serviced Apartments_Hoch33_SUITE | 1100 Wien, 10. Bezirk, Favoriten, Laaer-Berg-Straße 47A | 44 m² | 2 Zimmer | Balkon | room4rent | € 1.640",https://www.willhaben.at/iad/immobilien/d/mietwohnungen/wien/wien-1100-favoriten/room4rent-serviced-apartments-hoch33-suite-1642751001/,2
"room4rent - Serviced Apartments | Vienna Academic Guesthouse_LARGE | 1220 Wien, 22. Bezirk, Donaustadt, Eva-Maria-Mazzucco-Platz 4 | 43 m² | 1 Zimmer | Balkon | room4rent | € 1.170",https://www.willhaben.at/iad/immobilien/d/mietwohnungen/wien/wien-1220-donaustadt/room4rent-serviced-apartments-vienna-academic-guesthouse-large-1340457157/,2
"room4rent_Serviced Apartments_Hoch33_STANDARD | 1100 Wien, 10. Bezirk, Favoriten, Laaer-Berg-Straße 47A | 31 m² | 1 Zimmer | Balkon | room4rent | € 1.090",https://www.willhaben.at/iad/immobilien/d/mietwohnungen/wien/wien-1100-favoriten/room4rent-serviced-apartments-hoch33-standard-1690457812/,3
"room4rent - Ihr Zuhause auf Zeit | Leopoldtower_LARGE | 1210 Wien, 21. Bezirk, Floridsdorf, Seyringer Straße 5 | 45 m² | 1 Zimmer | Balkon | room4rent | € 1.379",https://www.willhaben.at/iad/immobilien/d/mietwohnungen/wien/wien-1210-floridsdorf/room4rent-ihr-zuhause-auf-zeit-leopoldtower-large-1355320769/,3
"Helles 13 m² Zimmer in 2er WG (U1 Keplerplatz) | 1100 Wien, 10. Bezirk, Favoriten, Scheugasse | 60 m² | 3 Zimmer | Privat | € 630",https://www.willhaben.at/iad/immobilien/d/mietwohnungen/wien/wien-1100-favoriten/helles-13-m-zimmer-in-2er-wg-u1-keplerplatz-1532486893/,3
"Schöne zentral begehbare 3 Zimmer Wohnung im 4. Liftstock | 1100 Wien, 10. Bezirk, Favoriten, Alxingergasse 65 | 52 m² | 3 Zimmer | Gewerblicher Anbieter | € 1.088,56",https://www.willhaben.at/iad/immobilien/d/mietwohnungen/wien/wien-1100-favoriten/schoene-zentral-begehbare-3-zimmer-wohnung-im-4-liftstock-905817254/,3
"SPEISING 4 Zimmer Wohnung in Grünruhelage mit Garagenplatz und Ladestation | 1130 Wien, 13. Bezirk, Hietzing, Anton-Langer-Gasse 62 | 96 m² | 4 Zimmer | Balkon, Loggia | Privat | € 1.990",https://www.willhaben.at/iad/immobilien/d/mietwohnungen/wien/wien-1130-hietzing/speising-4-zimmer-wohnung-in-gruenruhelage-mit-garagenplatz-und-ladestation-1403655817/,3
"Ihr neues Zuhause in Toplage DOMMAYERGASSE - inkl. Balkon mit Grünblick | ZELLMANN IMMOBILIEN | 1130 Wien, 13. Bezirk, Hietzing, Dommayergasse | 104 m² | 3 Zimmer | Balkon, Loggia | ZELLMANN IMMOBILIEN | € 1.770",https://www.willhaben.at/iad/immobilien/d/mietwohnungen/wien/wien-1130-hietzing/ihr-neues-zuhause-in-toplage-dommayergasse-inkl-balkon-mit-gruenblick-zellmann-immobilien-1080225143/,3
"Altbauwohnung im 9. Bezirk - frisch saniert! | 1090 Wien, 09. Bezirk, Alsergrund | 121 m² | 3 Zimmer | Spiegelfeld Immobilien GmbH | € 1.971,85",https://www.willhaben.at/iad/immobilien/d/mietwohnungen/wien/wien-1090-alsergrund/altbauwohnung-im-9-bezirk-frisch-saniert-1782444909/,3
"Moderne 2-Zimmerwohnung mit Loggia in U-Bahn-Nähe | 1160 Wien, 16. Bezirk, Ottakring, Zöchbauerstraße | 43 m² | 2 Zimmer | Loggia | ASW Immobilien Service & Consulting GmbH | € 899",https://www.willhaben.at/iad/immobilien/d/mietwohnungen/wien/wien-1160-ottakring/moderne-2-zimmerwohnung-mit-loggia-in-u-bahn-naehe-1072395076/,3
"EINZIGARTIGE ALTBAUWOHUNG IM LOFT STIL - LICHTDURCHFLUTET - BALKON - EXKLUSIVE LAGE IM 7. WIENER GEMEINDEBEZIRK -INNENHOFLAGE - BARRIEREFREI MITTELS LIFT | 1070 Wien, 07. Bezirk, Neubau | 131 m² | 3 Zimmer | Balkon | Neutor Real GmbH | € 2.350",https://www.willhaben.at/iad/immobilien/d/mietwohnungen/wien/wien-1070-neubau/einzigartige-altbauwohung-im-loft-stil-lichtdurchflutet-balkon-exklusive-lage-im-7-wiener-gemeindebezirk-innenhoflage-barrierefrei-mittels-lift-2073284300/,3
"3 Zimmer Wohnung in 1040 Wien | 1040 Wien, 04. Bezirk, Wieden | 79 m² | 3 Zimmer | 3fach Immobilien OG | € 1.155,74",https://www.willhaben.at/iad/immobilien/d/mietwohnungen/wien/wien-1040-wieden/3-zimmer-wohnung-in-1040-wien-812678756/,3
"GRÜNSTÜCK 22 - hochwertige 3-Zimmer Neubauwohnung in bester Lage - ab sofort verfügbar. - WOHNTRAUM | 1220 Wien, 22. Bezirk, Donaustadt, Adelheid-Popp-Gasse 10 | 68 m² | 3 Zimmer | Terrasse, Balkon, Loggia | teamneunzehn-Gruppe | € 1.279,20",https://www.willhaben.at/iad/immobilien/d/mietwohnungen/wien/wien-1220-donaustadt/gruenstueck-22-hochwertige-3-zimmer-neubauwohnung-in-bester-lage-ab-sofort-verfuegbar-wohntraum-1357924892/,3
"GRÜNSTÜCK 22 - hochwertiger Neubau in bester Lage! Verfügbar ab Februar. - WOHNTRAUM | 1220 Wien, 22. Bezirk, Donaustadt, Adelheid-Popp-Gasse 10 | 56 m² | 2 Zimmer | Terrasse, Balkon, Loggia | teamneunzehn-Gruppe | € 998,13",https://www.willhaben.at/iad/immobilien/d/mietwohnungen/wien/wien-1220-donaustadt/gruenstueck-22-hochwertiger-neubau-in-bester-lage-verfuegbar-ab-februar-wohntraum-1713413379/,3
"Grünstück 22 - Lebensqualität auf einen Blick - mitten in Hirschstetten. - WOHNTRAUM | Neubauprojekt | 1220 Wien, 22. Bezirk, Donaustadt, Adelheid-Popp-Gasse 10 | teamneunzehn-Gruppe | ab € 999",https://www.willhaben.at/iad/immobilien/d/neubauprojekt/wien/wien-1220-donaustadt/gruenstueck-22-lebensqualitaet-auf-einen-blick-mitten-in-hirschstetten-wohntraum-1337663888/,3
"Etage 1/Top 5 | 68 m², 3 Zimmer | € 1.279,20",https://www.willhaben.at/iad/immobilien/d/mietwohnungen/wien/wien-1220-donaustadt/gruenstueck-22-hochwertige-3-zimmer-neubauwohnung-in-bester-lage-ab-sofort-verfuegbar-wohntraum-1357924892/,3
"Etage 1/Top 04 | 56 m², 2 Zimmer | € 998,13",https://www.willhaben.at/iad/immobilien/d/mietwohnungen/wien/wien-1220-donaustadt/gruenstueck-22-hochwertiger-neubau-in-bester-lage-verfuegbar-ab-februar-wohntraum-1713413379/,3
"Wohnen bei der Mariahilfer Straße- Balkon, Ruhelage-Provisionsfrei | 1150 Wien, 15. Bezirk, Rudolfsheim-Fünfhaus, Schwendergasse 17 | 42 m² | 2 Zimmer | Balkon | Privat | € 750",https://www.willhaben.at/iad/immobilien/d/mietwohnungen/wien/wien-1150-rudolfsheim-fuenfhaus/wohnen-bei-der-mariahilfer-strasse-balkon-ruhelage-provisionsfrei-1387344705/,3
"2-Zimmer Gartenwohnung (uneinsichtig) inkl. Garagenplatz | 1110 Wien, 11. Bezirk, Simmering, Dreherstraße | 46 m² | 2 Zimmer | Garten | Privat | € 930",https://www.willhaben.at/iad/immobilien/d/mietwohnungen/wien/wien-1110-simmering/2-zimmer-gartenwohnung-uneinsichtig-inkl-garagenplatz-859693492/,3
"Klimatisierte Maisonette mit Weitblick-Dachterrasse in top Lage nahe U6, Millennium City und Donau - JETZT ANFRAGEN | 1200 Wien, 20. Bezirk, Brigittenau, Engerthstraße 102 | 118 m² | 5 Zimmer | Terrasse, Balkon, Dachterrasse | teamneunzehn-Gruppe | € 2.099,18",https://www.willhaben.at/iad/immobilien/d/mietwohnungen/wien/wien-1200-brigittenau/klimatisierte-maisonette-mit-weitblick-dachterrasse-in-top-lage-nahe-u6-millennium-city-und-donau-jetzt-anfragen-1999790542/,3
"Luxuriös komplett möbliertes Penthouse mit Blick auf Schloss Schönbrunn | 1140 Wien, 14. Bezirk, Penzing | 133 m² | 3 Zimmer | Terrasse, Garten | Turpin immobilien Treuhand GmbH | € 6.300",https://www.willhaben.at/iad/immobilien/d/mietwohnungen/wien/wien-1140-penzing/luxurioes-komplett-moebliertes-penthouse-mit-blick-auf-schloss-schoenbrunn-1515996276/,3
"LOFTWOHNUNG in Stadtlage - 3 Schlafzimmer - ca. 233 m² WFL - Terrasse ca. 60 m² - 4. Schlafzimmer möglich - Aufzug bis in die Wohnung | 1030 Wien, 03. Bezirk, Landstraße | 5 Zimmer | Terrasse | SIRA Real Estate GmbH | € 3.950",https://www.willhaben.at/iad/immobilien/d/mietwohnungen/wien/wien-1030-landstrasse/loftwohnung-in-stadtlage-3-schlafzimmer-ca-233-m-wfl-terrasse-ca-60-m-4-schlafzimmer-moeglich-aufzug-bis-in-die-wohnung-1079584658/,3
"Neuwertige 3-Zimmer-Wohnung mit Balkon beim FAC-Platz - Nur 3 Minuten zur S-Bahn. - WOHNTRAUM | 1210 Wien, 21. Bezirk, Floridsdorf, Koloniestraße 35 | 78 m² | 3 Zimmer | Balkon | teamneunzehn-Gruppe | € 1.426,62",https://www.willhaben.at/iad/immobilien/d/mietwohnungen/wien/wien-1210-floridsdorf/neuwertige-3-zimmer-wohnung-mit-balkon-beim-fac-platz-nur-3-minuten-zur-s-bahn-wohntraum-2009602398/,3
"Moderne 2-Zimmer-Wohnung in zentraler Lage beim FAC-Platz, nur wenige Minuten von der S-Bahnstation Jedlersdorf entfernt. - WOHNTRAUM | 1210 Wien, 21. Bezirk, Floridsdorf, Koloniestraße 35 | 42 m² | 2 Zimmer | Terrasse | teamneunzehn-Gruppe | € 879,48",https://www.willhaben.at/iad/immobilien/d/mietwohnungen/wien/wien-1210-floridsdorf/moderne-2-zimmer-wohnung-in-zentraler-lage-beim-fac-platz-nur-wenige-minuten-von-der-s-bahnstation-jedlersdorf-entfernt-wohntraum-1225932501/,3
"2- Zimmer Wohntraum mit gemütlichen Balkon im 1100 Wien | 1100 Wien, 10. Bezirk, Favoriten, Dampfgasse | 47 m² | 2 Zimmer | Balkon | EHL Immobilien GmbH | € 870,69",https://www.willhaben.at/iad/immobilien/d/mietwohnungen/wien/wien-1100-favoriten/2-zimmer-wohntraum-mit-gemuetlichen-balkon-im-1100-wien-822111664/,3
"Engerth 102- 5 Minuten zu U6 und S-Bahn HANDELSKAI! Hochwertige Einbauküchen und moderne Architektur! - JETZT ZUSCHLAGEN | Neubauprojekt | 1200 Wien, 20. Bezirk, Brigittenau, Engerthstraße 102 | teamneunzehn-Gruppe | ab € 2.099",https://www.willhaben.at/iad/immobilien/d/neubauprojekt/wien/wien-1200-brigittenau/engerth-102-5-minuten-zu-u6-und-s-bahn-handelskai-hochwertige-einbaukuechen-und-moderne-architektur-jetzt-zuschlagen-865013440/,3
"Etage 7/Top 65 | 118 m², 5 Zimmer | € 2.099,18",https://www.willhaben.at/iad/immobilien/d/mietwohnungen/wien/wien-1200-brigittenau/klimatisierte-maisonette-mit-weitblick-dachterrasse-in-top-lage-nahe-u6-millennium-city-und-donau-jetzt-anfragen-1999790542/,3
"Kolo 35 - Exklusives Wohnen in Jedlersdorf, nahe FAC-Platz, Denglerpark und SCN - JETZT ANFRAGEN | Neubauprojekt | 1210 Wien, 21. Bezirk, Floridsdorf, Koloniestraße 35 | teamneunzehn-Gruppe | ab € 879",https://www.willhaben.at/iad/immobilien/d/neubauprojekt/wien/wien-1210-floridsdorf/kolo-35-exklusives-wohnen-in-jedlersdorf-nahe-fac-platz-denglerpark-und-scn-jetzt-anfragen-2044395184/,3
"Etage 4/Top 41 | 52 m², 2 Zimmer | € 997",https://www.willhaben.at/iad/immobilien/d/mietwohnungen/wien/wien-1210-floridsdorf/moderne-2-zimmer-wohnung-in-zentraler-lage-beim-fac-platz-nur-wenige-minuten-von-der-s-bahnstation-jedlersdorf-entfernt-901044042/,3
"Etage 4/Top 23 | 59 m², 2 Zimmer | € 1.139",https://www.willhaben.at/iad/immobilien/d/mietwohnungen/wien/wien-1210-floridsdorf/moderne-2-zimmer-wohnung-in-zentraler-lage-beim-fac-platz-nur-wenige-minuten-von-der-s-bahnstation-jedlersdorf-entfernt-813679099/,3
"Etage 2/Top 18 | 49 m², 2 Zimmer | € 937",https://www.willhaben.at/iad/immobilien/d/mietwohnungen/wien/wien-1210-floridsdorf/moderne-2-zimmer-wohnung-in-zentraler-lage-beim-fac-platz-nur-wenige-minuten-von-der-s-bahnstation-jedlersdorf-entfernt-976503496/,3
"Etage 1/Top 11 | 78 m², 3 Zimmer | € 1.426,62",https://www.willhaben.at/iad/immobilien/d/mietwohnungen/wien/wien-1210-floridsdorf/neuwertige-3-zimmer-wohnung-mit-balkon-beim-fac-platz-nur-3-minuten-zur-s-bahn-wohntraum-2009602398/,3
"Etage 3/Top 23 | 42 m², 2 Zimmer | € 879,48",https://www.willhaben.at/iad/immobilien/d/mietwohnungen/wien/wien-1210-floridsdorf/moderne-2-zimmer-wohnung-in-zentraler-lage-beim-fac-platz-nur-wenige-minuten-von-der-s-bahnstation-jedlersdorf-entfernt-wohntraum-1225932501/,3
"3-Zimmer-Wohnung mit 33 m² Terrasse am Laurenzerberg in direkter Nähe zum Schwedenplatz | 1010 Wien, 01. Bezirk, Innere Stadt | 87 m² | 3 Zimmer | Terrasse | ÖRAG Immobilien Vermittlung GmbH | € 1.952,49",https://www.willhaben.at/iad/immobilien/d/mietwohnungen/wien/wien-1010-innere-stadt/3-zimmer-wohnung-mit-33-m-terrasse-am-laurenzerberg-in-direkter-naehe-zum-schwedenplatz-1333822363/,3
"Charmante 2,5 Zimmer Wohnung NÄHE REUMANNPLATZ | 1100 Wien, 10. Bezirk, Favoriten, Columbusgasse | 64 m² | 2 Zimmer | WINEGG Makler GmbH | € 831,79",https://www.willhaben.at/iad/immobilien/d/mietwohnungen/wien/wien-1100-favoriten/charmante-2-5-zimmer-wohnung-naehe-reumannplatz-988380125/,3
"Charmantes Domizil mit Balkon und Terrasse - Ihre neue Wohlfühloase im Grünen. | 1130 Wien, 13. Bezirk, Hietzing | 86 m² | 3 Zimmer | Terrasse, Balkon | ANOBIS IMMOBILIEN GmbH | € 1.789",https://www.willhaben.at/iad/immobilien/d/mietwohnungen/wien/wien-1130-hietzing/charmantes-domizil-mit-balkon-und-terrasse-ihre-neue-wohlfuehloase-im-gruenen-1397415116/,3
"Dachgeschoß mit Terrasse und herrlichem Grünblick in edler Villa mitten in Hietzing. | 1130 Wien, 13. Bezirk, Hietzing | 75 m² | 3 Zimmer | Terrasse | ANOBIS IMMOBILIEN GmbH | € 1.460",https://www.willhaben.at/iad/immobilien/d/mietwohnungen/wien/wien-1130-hietzing/dachgeschoss-mit-terrasse-und-herrlichem-gruenblick-in-edler-villa-mitten-in-hietzing-1095376599/,3
"Luxuriöses Penthouse in edler Wohnhausanlage mit Pool, Fitnessbereich und Concierge-Service. | 1190 Wien, 19. Bezirk, Döbling | 163 m² | 3 Zimmer | Terrasse, Loggia, Dachterrasse | ANOBIS IMMOBILIEN GmbH | € 3.999",https://www.willhaben.at/iad/immobilien/d/mietwohnungen/wien/wien-1190-doebling/luxurioeses-penthouse-in-edler-wohnhausanlage-mit-pool-fitnessbereich-und-concierge-service-1204404631/,3
"Gemütliches Heim für ZWEI im GRÜNEN | 1110 Wien, 11. Bezirk, Simmering | 62 m² | 2 Zimmer | Balkon, Garten | RED Real Estates Development Bauträger und Immobilien GmbH | € 813,64",https://www.willhaben.at/iad/immobilien/d/mietwohnungen/wien/wien-1110-simmering/gemuetliches-heim-fuer-zwei-im-gruenen-2115838941/,3
"Weitläufiges Wohnen im Herzen des 7. Bezirks! | 1070 Wien, 07. Bezirk, Neubau, Lindengasse 22 | 115 m² | 3 Zimmer | Balkon | 3SI Makler GmbH | € 1.999",https://www.willhaben.at/iad/immobilien/d/mietwohnungen/wien/wien-1070-neubau/weitlaeufiges-wohnen-im-herzen-des-7-bezirks-1708307649/,3
